,id,text
2,1575179099550625792,Biggnbossy yungbabydade ItzBitc ihythreat We stan Nicki reason time BARBZ need show support like bullied people getting back problematic You saw happened blog YouTube wake tf
4,1575179065199591424,Retired one day Mikel Both year I miss combo mikel would sit deep ramires would press high inside opposition half Naaaa I watching jorgi get bullied like retired sex worker http co CVrDk lma
6,1575179056336601089,PopBase bro get bullied
8,1575178980483018754,So dy bullied lol http co RafOAhPVCP http co yVix eyCEi
9,1575178963227267072,Der_Gunnar UkraineUk kamilkazani They bullied shamed zero gas RUSSIA cut screw All talk sending weapon NOT sending ha made DE look worse really
10,1575178958970097665,BoriaMajumdar Isnt bullied shah
11,1575178958865244162,done bullied amp blamed PnB girlfriend killer already prior post social medium smfh
13,1575178874672934912,KevinSabet year old virgin def got bullied high school still opposes something highly benefit many people yet still era nixon Sad man Waste breath book suck
15,1575178860563378176,Shellhead_ og_tigress WTF_OS We bullied Shell
17,1575178831966908416,BigelowBethany SteveAndApril DCSCInc NigelTPacker SystemsCk burleyfires FelixNater samiamiu AZMetals GBmfg_Neil PfaffDena Bewickwren DonnyoSpeaks AReliability GHSdirect go_hourly JulieBasello The_Last_Hurdle LoneStarSUVLimo SocialSMktg Mobileshopco I wa bullied bigger girl growing Bronx I learned fight back Words
18,1575178805475692544,Ninja Fan Bro pls get bullied brother exfriends school bacon pls
19,1575178788463255553,Kid bullied Kid playing chess throw phrase like You gon na horsey hop way one I trying edit next room muffling laughter momlife momswritersclub amwritingromance amrevising
22,1575178739704791040,ittsmayya favvgirI ipsssen trying spread peace defending woman get bullied daily mean obsessed social medium amp celebrity life opinion difference comment since know personally believe whatever want lol
29,1575178540701872130,Canellelabelle Bullied wedding choice dress attire pull kid
32,1575178415539249153,srpcohi Literally proof bullied anyone hearsay joke get cry baby
33,1575178411479539712,Helexzura bullied persuaded
37,1575178279040188416,Eristheeangel lillysthoughts Didn see viral brownie glazed scandal Or testimony black girl sharing bullied school Hailey said N word multiple time She tweeted shut smack back country How close Selena Explain
39,1575178217618481153,tetuben Benjamin I sorry getting Bullied comment Bullying ok It ok MAGA Support whatever Politics want Nobody ha right bully It like chance Lynda Carter either
44,1575178144171970560,sind lla dwayne Additionally I sorry kid bullied Kung Fu San Soo originally Jimmy Woo saved life serval occasion And I went wa age restriction Just parental consent form It lethal brown belt Fyi But self defense ONLY mentally
46,1575178076064927744,NalaThokozane All people said bullied x
47,1575178073648963584,exo_ninigommie ha constant thing fandom long time everytime content creator someone trying something fandom get bullied give leave
49,1575178051008475136,Helexzura I wish I could bullied Chrono Trigger
54,1575177961690447872,essentially tweet wa like liam said podcast also think got severely bullied internet honestly horrific even though sad wa said cant help miss
55,1575177951997722624,ALLYS_wONdrland bc tolerate bullying logan bully nebody bullied wherever land bully land
57,1575177890219450368,always type ppl bully garam ppl claim bullied someone dont even know name bc even read svc claim pretty privilege bc envy af start shame reason
61,1575177820162371584,NY_Kid They still getting bullied imo
68,1575177628780109824,I wonder people got bullied liking anime felt got mainstream
69,1575177599898202113,CrawDianne hrrysgreysuit When doe obsession become unhealthy Were bully school bullied turning table twitter kind catharsis
72,1575177418171908096,Little Dogs get nippy threatened They SO MANY bigger dog park could hurt misplaced paw A successful little dog stand bullied away food toy
75,1575177357580963840,rebekah_es I even tried speak power top change culture I realized bullied I I protect target I stay kid I sure much longer I search safe school land
76,1575177356355899393,ryuhayuken far kinda dropped halfway didnt like torako still salty handled kid bullied somewhat slow imo
81,1575177264194785285,GlennYoungkin I believe LGBTQ child like mine state bullied bigoted administration
82,1575177263607582721,smirhenn WORLDSTAR TheRock I wa disabled kid childhood wa nightmare I wa bullied adult kid I watched john Wayne western film I wanted men film He became hero I became type men played kept alive child
84,1575177254715334657,kurtstieI whats fic talked u bullied write thanks volunteering write sex part
91,1575177207705571330,plutoniumhndrxx NBA_tauri ConnorBRFC pinkvan Rap lot school counselor useful equipped deal severe circumstance usually kid getting bullied difficult home life etc excuse something like people born desire kill
94,1575177142757117952,SKZHashtag I hope truly fair future Chinese fan ability thing bullied
95,1575177142408597504,sind lla dwayne Don give inch I wa bullied bad school teacher put hall desk bully I wa bullied teacher My sister dad pulled priciple across desk tie beating sister wooden paddle
100,1575177076856197120,nasakesan Nah bullied boy platform
101,1575177055615930369,The state lad bullied countless EU country voting way wanted ignored wrong result Ireland still remembers Nice Lisbon sham referendum Behave http co alerw omO
102,1575177054722543619,In normal country citizen bullied stage nonsense SA wan na make fun everything keyboard warrior IPPs thing
106,1575177001404891143,prab_govender point She bullied countless artist
109,1575176970165719045,HRH_William_ If true bet wa bullied
110,1575176943686729728,CrimsonFenrir Why attempt If I get bullied friend friend get bullied If friend good people I good person Definitely mooch If friend commit crime I commit crime If friend get married I get married
114,1575176845313572865,According Jimin concept wa show true self The shirt Jimin wearing main cover photobook poster design Yves Saint Laurent wa gay person wa bullied orientation Jikook Jimin http co Lvzv wFaRe
116,1575176788724322304,EJtheCROOM This whole thing feel like extension black kid bully black kid different bullied kid deserved argument used
118,1575176760807030785,leebee life Not Taylor Hale biggest alum BB also richest She got bright future ahead Joseph side All bully bullied Taylor including monte seething right TaylorsKarma
120,1575176742624722944,FFringus CountessCommon MeghansMole Marly katienicholl Maybe PG wa bullied another kid said bc wa upset retaliation The fact katienicholl wrote minor child Prince Princess Wales baffle
121,1575176699838603266,Gorz story hella fake black kid wa getting bullied cuz autism
123,1575176671564824577,ditsy_chick Estelle_Flee lovefamilywales richardaeden mailplus Name bullied http co GBSmvvaDXI
127,1575176627381682177,kyleprintspews XTMD Bro got ta try fry gravy wa unsure first I moved new Texas friend bullied try I still think back I deserve
131,1575176571626786817,katienicholl Putting spotlight bullying allowing bullied He kid Do better Write better Work judgement And apologize What wa son What would Princess Diana Queen Elizabeth say http co ylfEAYJIP
132,1575176520397901824,YALL BULLIED SOLANA TO HAVE HER REPLIES OFF HOW IM SUPPOSED TO COMMUNICATE NOW http co v uStKMqWQ
138,1575176241459900416,Miles From The Sea I WAS BULLIED VERY BADLY AT SCHOOL http co RFQr Ghek ThursdayThought ThursdayTreats TravelThursday FridayEve ThursdayMotivation WednesdayWisdom wednesdaythoughts wednesdaywit WednesdayMotivation Humpday Humpdayhappiness WorkoutWednesday
142,1575176183683043328,PJnobaptiste DMocha ThePinkRoom Your one cry someone bullied With said nothing get You tuff skin live world today go
144,1575176152968462337,savage_prof Yeah got bullied stiff everyone else uh
145,1575176152943325184,LeBatardShow friend talk think Dolphins NFL power ranking ChrisWittyngham wa bullied removing Dolphins quarter zip http co tJ tPkjRBr http co H MYLHqvv
147,1575176120021884928,HondaTadakatsu It get easier Students managed reach level could fend intrusive remark amp manipulation I found easier I always candid manner Dealing hostility resent someone bullied wa harder
150,1575176048861679616,NoxiousLive beamtown bully become bullied
151,1575176029592690689,SimonUTDv Bullied blocking http co dBX rUO
153,1575175986458800129,machecazzodicii No idea wa bullied I loved since New Rules video She could ruin life video tight bun
157,1575175812843679744,savage_prof I love everyone bullied learned dance everyone thirsting growth beautiful
161,1575175748645593089,cat bullied
162,1575175709148217344,AmdukaZemi Boo whoo bullied first night introduced You jealous jump
163,1575175705435906049,Imagine sleeping next person every night gone Ya bullied girl bad I pray healing though tough time His poor baby
165,1575175696044859392,UTDMarshall markgoldbridge Yeah game great sample size Walker James terrible defender get bullied much Trent And trippier level every aspect
173,1575175584610590720,remembering college community service club bullied straight week leaving lasting mental trauma still affect personal professional life bc I big little pairing right way http co QXjMusoQ
174,1575175582664765440,ceIlofane yeah bullied military found full name char found linkedin blocked u aftwe
175,1575175545741971456,SprdsheetAgenda iconic_roy OnBallSteph OMG actually bullied Space last night changing PFP
177,1575175511483256832,successfully bullied Splatoon NintendoSwitch http co b zofcfOOj
184,1575175375516495872,Bullying wrong It okay bully others back bullied T R Durphy
185,1575175345837252608,lnbshr boy end getting bullied He better chill
189,1575175176404467717,assembly funny nobody cared I wa bullied
191,1575175092807430144,NicholasPascar RawbertBeef You getting bullied fr wtf
192,1575175091406532608,NEVER BEEN SO BULLIED BY MY FAVS LIKE I VE BEEN BY PARAMORE
193,1575175065603145728,After three week lotta fun learning everything make sense FP I waiting actual project start And meanwhile I still getting bullied math http co Hg uSi Osf
194,1575175052693504000,Not getting bullied chik filum employee
195,1575175047701966849,I wan na best friend Chris Catalyst Yorkshire could bond cricket Yorkshire tea bullied southerner accent lt
197,1575175025870528512,Hailey bullied Selena Taylor worst reputation wa besties Jenners peak think table would turn tweet like could used oh well karma b
198,1575174986280493056,The never ending cycle Twitter user say dumb hateful shit Twitter mob cook Twitter user say bullied non binary disabled catholic suffers dyslexia
199,1575174977275338752,gmbutts From guy bullied justice minister look way billed Canadian taxpayer move Toronto Ottawa
204,1575174903237849089,melfen This wa one I mentioned wa severely bullied year AEW wrestler gf unfortunately cousin longer u
206,1575174899500429313,McFaul Germany ha experience bullied No wonder react like France
209,1575174847084531713,AFC_B B Mate weak year whoever wa fit get bullied lot Cesc ha spoke several time difference club played Eduardo wa difference maker rate btw made
212,1575174831003537408,We really bullied Monte wearing hat rest life skxndjc I love u BB http co cJM xVMXNl
213,1575174819749933057,SofaAssoc BrandonLewis My friend wa told accusation wa enough wa continually bullied plead guilty Non side wa ever taken seriously
214,1575174778343673856,keller bullied lot kid jughead yeah name jughead
215,1575174775864844288,foodbad I want revenge I want bullied feel inferior This revenge even kill
216,1575174764393803776,Just want know fear mongering social medium algorithm promised Orange dude happening guy guy bullied cut family member Congrats http co dzoJcSMcQ
218,1575174723893604352,BULLIED HIM http co T mZ L g
219,1575174701852557312,So Doyoung bullied http co ErbAU Ph http co zRxWV PIHl
223,1575174561171386369,My customer service voice bitch Like girl bullied high school leaving church becoming degenerate heathen Hate
230,1575174390538334208,IridianIrene He wa understandably mad making joke sexuality comfortable I think wa excessive much bullied yes Do I think valid reason upset yes
231,1575174386037903360,Ethan_LMP TheDoctorDonna Same wa different disability I wa situation Ryan rather wa feeling like outsider bullied disabled
235,1575174285273939968,Is preventing bullied cause I wa kid I like WHAM http co oJuCY udvk
236,1575174275472166912,BritishQuakers nicolelampert No You cowered fear avoid risk bullied The UN amp Ammesty spoken racism amp brutality Palestinians suffer ignored favour insane ranting virulent nutter Twitter
238,1575174231775596548,Helexzura bullied
239,1575174230844776449,I wa really bullied getting Venmo
242,1575174160040439808,I bullied Brent I come Send address http co Unkgl wtim
244,1575174144462770176,Haurbus ZomgShiny That situation bullied coyote Gim lunch money
245,1575174136485539841,love grown man got bullied bird http co jsatXwxlRm
247,1575174083255246849,feel like I never get depression everywhere every minute woman suffering somewhere man suffered life people bullied help father abused mentally today I fit work even take care
248,1575174080772259840,Plus bullied child called Rhaenyra C word http co gFTTMlSpnD http co vsjQfE CYZ
255,1575173924287283200,PlantJacqueline I believe people laughed bullied http co wReWOeMnPw sorry Jacqueline Xxxx
259,1575173832142311424,He getting bullied kid lmfao http co nLkvrKrWxz
261,1575173753738100736,Radio_Y n nonbinarybooty show bullied kid anything showed specifically targeted student make fun literally made fun autistic child enacted child amusement others class
262,1575173738705739776,sad bullied girlfriend ppl already planned murder http co z SPLDCjLw
266,1575173649421959173,RonnyJacksonTX Rep Jackson made sexual denigrating statement female subordinate smelled alcohol duty humiliated staff long stint WH physician Pentagon Report Finds At yet Texans elected Congressman Telling TX http co MRYu YMIhP
269,1575173562578923520,GodofKrypton PythonMafia_ It kid Clemson Twitter bullied high school went away college joined fraternity thought wa cool
270,1575173559189897216,TMackenzieH Just know world saw love back day one Thank showing stay strong kind true even faced totally undeserved hostility Youre inspiration many u bullied wanted
274,1575173513710735362,DPLRR HPotterUniverse ikr Murders terrible people saying Severus bad guy Murders bully terrible Severus embarrassed ended ruining friendship Lily call name wa mad wa bullied
280,1575173288351133696,corvusyn That fucking suck I sorry bullied extent You give eyepatch rose
281,1575173250627223552,brian_buschini You caved There facism racism ism play You bullied medium woke gestapo
295,1575172978270441472,Brieyonce girl grand opening grand closing next video talking bullied harassed making http co mULKYOISbv
297,1575172936121491456,LBC Oh look surprise LBC got Harkle Markle bully must proud inviting MORE BULLIES bully Yr old PLAYGROYND BANTER dad bigger dad remember co u u want bullied
304,1575172890634616833,soy_eboi rewatching Bleach lmaoooo honesty watching stuff seen year murderous bully trope everywhere even new korean zombie show
306,1575172869822115840,BULLY BALL FCHWPO http co X lvTs
307,1575172865242333184,fav literally bully zayn saying wa ringo star opinion http co inIGiU wL
308,1575172860062027778,To know sometimes letting mf bully give knowledge bully defeat bully get sad cry time
309,1575172857092456449,murderhawk Meanie bully T
310,1575172856979152896,I uncheckable One thing bitch bully
311,1575172845239685120,peaceful_bully God I Sooo sorry sweet kind AND genuine
313,1575172826557911040,If I bully I love
318,1575172781788241920,GSD bully http co E ARzyY Bp
319,1575172773580013568,j mi let bully peasant
320,1575172745717248000,JaySekulow Please Jay He wa anti abortion bully Father husband stuff AND duly accused violator federal law No biggie
321,1575172745108672512,binaryAegis RavenKane little shit affectionate She write horniest smut ever laid eye get end realize wa setup worst pun world Go bully
322,1575172741468020736,RonnyJacksonTX Do anything politically relevant say Or th grade bully talk Sad
324,1575172702557507584,Broad Street Bully http co GmBDH EZ
325,1575172695850786816,BlueNosePanda scottyhoms Tyson_Fury JoeJoyceBoxing frankwarren_tv Exactly matter Fury tried bully way fight deadline He face Manuel Charr would get AJ fight
335,1575172597993840640,cutegrl wa supposed know many twisted freak
341,1575172469673304064,gf make friend slowly hate skinny hot polite http co JYMKLuwsJd
342,1575172469127671808,Twitter So allowing troll publicly bully harass photo child Why anything done fix How supposed move seeing horrendous horrific comment I disgusted
343,1575172467017928704,godsflaw Then school bully show house convinces hand kid lunch money directly see kid get cut
346,1575172421006823425,[ Free Book ] My Stolen Life high school bully romance Stonehurst Prep Book http co TQZnrbdWX
347,1575172410273599488,RonDeSantisFL Giving info people donate Hurricane Victims Do think million spent bully could help u Your class act asshole
348,1575172394922045441,teacher gon na read essay wrote min last night playing genshin gon na bully front whole class http co tN CgE L
351,1575172345504751616,RusEmbUSA StateDept mfa_russia ForeignAffairs WashTimes WSJ nytimes ShaolinTom TuckerCarlson AP FoxNews Ah bully try justify Hypocrites
353,1575172310520463360,LucyPyre_ look audience appreciates great youtube content express encourage make make le fun bully audience power real time
354,1575172296976711681,politicalcorr davidm Dr_Bry_So_Fly Wow sound like coward You let scummy putin bully word grow spine If ever stupid enough go nuclear die Better dead dictated putin toothless fear tactic
355,1575172294896656385,doyoukuromi poor dy even fan love bully bunny
357,1575172287720202242,antifasupreme ItalySoundsGood No looking way bully amp silence believe
358,1575172285387796480,You bully also get crush
359,1575172265096122368,BluntIndianGal SportyVishal What stats got What best fast bowler kohli scored run Lol even best inning acc fan came australia c bowler Like Coulter Nile Faulkner watson Dead rubber bully even T batter Just bash minnow bowler
361,1575172250260901888,HermanMashaba You weakness DA kick anti poor black everybody including know DA bully act like ha majority vote complained This ANC plan like Dawie lied campaigning DA
363,1575172240819322882,advertisement Bullying manager likely create environment vague secrecy team member may come tell bos bully read line probe deeper possible say Linnaberry http co XY WIDW x
364,1575172190945038341,A bully got taste medicine podcast madt You kept picking weak expect people defend Love know put fear http co z nhPqHgR
365,1575172190743326720,foodiebeauty one told start talking Nader yt No told show men genitals No one told expose countless time scam people lie bully expose That u http co V OagEF lY
366,1575172189686362115,bertbrine jam No I meant IM gon na one go back time bully Sam Walten
367,1575172179712307204,Macc _ Hell yeah u need bully
369,1575172156388167680,peaceful_bully Yeah thanks realizing I real person
370,1575172131788587009,imthebrownboy selsforeign Didn fandom bully Demi lovato fat shame Don throw stone glass house Selena problem said mad said problem yu like called hateful
371,1575172123563552768,To little turd trying bully kindergartner might remember year begging go prom I
372,1575172112884461568,seriously ha time bully Hailey go live hate actually shout thing met miserable get paid get help callherdaddy
375,1575172072015163398,Spongeybobby He fucked Nate weight bully lol Easily made day notice fought He heavy frame suggests
376,1575172062733541378,ghouliegirl__ Everybody nice everyday Except tired It funny bully
377,1575172037433126921,month bully http co w tPggCDPb
383,1575171908446072832,UticaEric NataliaAntonova Nice bully Childrens Rights Commissioner
384,1575171906361499648,GTA cancelled favor Bully
387,1575171885075034112,I want bully someone Shigaraki
388,1575171874631618560,janiceforsyth Shut drunken excuse drinker house bully Have shoved kid lately Resign immediately
390,1575171841504976896,KarlyRican_ MyFLFamilies But QueerPpl raising child bridge far She raising bully amp I hate CHILD
391,1575171839885824001,New Adult Romance ebook ASMSG Bully Me http co qslGMpfswX http co p oDLW oj
394,1575171821317791745,Helexzura About bully playing Monster Hunter Rise http co U KAOq xu
396,1575171779513167872,Nicki Minaj bully shit
397,1575171756184072196,twt bully liking yeat idc
398,1575171746528784391,chrislhayes RossBarkan You disgusting appeaser Your answer cave bully Huge disappointment Unfollow stop watching
400,1575171729605132288,SAI_hyd RachakondaCop VennelaPalle ARanganathan jsaideepak Shehzad_Ind Arey Munna ko bura laga Any slogan religion shouted offend people murder cry bully people inhuman also insult particular religion
403,1575171675980591118,wahprints I think absolutely wonderful fantastic person always enjoy seeing around Your sonas cute creative I hope best That said also really fun bully underpaw
404,1575171674944974848,Shadow_Brides Hey guy look Bully Maguire ballin http co LV FiAl
408,1575171615209320458,Understanding PSM Your kid jam hand cookie jar replace cookie every damn time fat outrun school bully http co p XEupHeA
409,1575171574918836227,SplashEdition Hey I watched badge tier video Does apply position And doe Ft center NEED bully well
410,1575171553947316224,peaceful_bully true loved would look like
413,1575171536293490692,u used bully boy u lil girl ur bad bitch idk make rule
414,1575171525728038915,NamePros I quit using disgusting bully forum year ago You unethical Show face You exposed That threat promise domain namepros scam http co TUQhUzX w
417,1575171507877052416,TheBarmyArmy TheRealPCB Hales overrated player League bully
418,1575171498544754690,snapnadaa floe Bully doe rustag
420,1575171483005227009,The fact cardis always right side thing v bully side thing http co cWURbviIrD
422,1575171392873459722,nanetteb She asked I wa bullied school wa bully Lol
423,1575171384195444741,cartersexuaI bully confronts people edgy childish era caring much dumb shit random people say
425,1575171347306934273,PopCrave Selenator need move stop begging attention Selena sweetest person industry sad ha far worst stans possible They disgusting human They send death threat everyone bully half internet
426,1575171337558978561,kelseeynicoleee Hope feel stupid tryna bully dat girl Weirdos
427,1575171325005828096,bemusedwithlife Straight HR It remove bias hopefully I hope manage get sorted I leave job due bully long ago
429,1575171281385066497,xavierofficials Don bully
430,1575171270358208514,UK Feminism New Rule Disagreement If give political concern priority attention e let u frame direct action interpret satisfaction e undermine bully thus anti feminist Yeah Hard pas
431,1575171262464524289,russomurdock I bully You still scare little
432,1575171258949332995,Petrus_vanDuyne RomanianInSwe No way bully anonymous Fella http co EQHdvJCuLo
433,1575171207233564683,Mr Shumate responded quickly request His response problem wa firm professional effective I use I ever situation company wa trying bully say Jer Google via Birdeye_ http co DTpR YpIsr
435,1575171161364656131,skzwrld pannchoa bully
436,1575171103148109825,Oh_My_Goddess pannchoa HES NOT A BULLY
437,1575171100840849410,TimRunsHisMouth I bet DeathSantis gladly accepts Federal aid He bully tyrant expect autocrat
439,1575171044410683396,angelkized Their whole twitter one big drool fest They attention bully people
441,1575171001045774342,JoshSmith mill Evan_ss DeItaone You loudmouth bully know franchisee yogurt shop speak softly carry big stick
443,1575170979273142278,College president use bully pulpit teach difference political issue people respectably disagree foundational value demand consensus sustain free society http co KSVUxGLfqS
446,1575170953977659392,boxmontessori They left live UK need even Royal website lie bully nice
447,1575170949330006022,JacksBack Oneguy more_shower UniforTheUnion Lanampayne JustinTrudeau GovCanHealth RealAndyLeeShow PierrePoilievre Roman_Baber LOCAL UNIFOR DanielAndrewsMP VictorianCHO bully
448,1575170949044793344,So fbi fbi yea I got ta confess I stole nickle one time piece gum I hit bully one time I voted Donald Trump I answer door find agent gun face wife face cause dangerous right
450,1575170946356609024,Kyrks MonDarky tvaugh MSNBC Oh yes look influence Johnson Conservative party also look Nigel Farage Brexit Exactly happening Italy Putin determined break EU funding rhetoric EU bully bad everyone Europe
451,1575170943982665728,Rayditzfn Im_Raechu Wait omg Im_Raechu U MADE THIS I fucking cry Me bf friend literally man squad use emote bully enemy goalie omg
455,1575170881323962371,cutegrl damn Taya maybe ditsy shallow thought
457,1575170843717431304,leahvallee Don let bully plenty tweeter post reply exactly like maybe type bit h next time You secretly calling cheap well http co qpBKwyA
458,1575170838097063937,ive trying figure deal poser nerd know youre bully
460,1575170822754299904,This Because JoeBiden true president Americans And trump wa petty bully hellbent dividing u u http co mfKDCGMXfb
461,1575170820900417540,BULLY http co gfMn kPLjS
463,1575170806522343429,You think bully people It okay I bully around Ask anyone
464,1575170795856228354,hilarious called bully twitter name say right want love everyone literally want want someone love smallest biggest accomplishment sweet look adorable fluff sparkly day come
465,1575170784099594252,Blinbich SELSREP bruh hailey done anything continue bully weird asf much HOLD emotion lmaoo
470,1575170667661516800,BBNaija Someone planned Amaka bully attack bryann reason Thank God bryann react day bbnaija
471,1575170662347337736,DiscardedVirtue TimRunsHisMouth He nothing trump His courage nothing bully stance moral conviction acting
472,1575170650875916301,Elizabe tylerperry netflix Willie Earl wa demon drug The way dad encouraged bully Bayou growing wa despicable way disrespected mom wa gut wrenching AJazzmanBlues JazzmanBlues YourFavTvandFilmEnthusiast http co hRaOTlQ
473,1575170606001057792,peaceful_bully What people cancer r going chemo
474,1575170600544669704,Dem bully handler take job seriously http co dyNKYYan E
477,1575170548107444225,SussexvC Let bully Kate She one ha one home live Incidently They belong crown
478,1575170518977638403,I watching cry bully red tail hawk front face called bullying dmons
479,1575170515865841664,Dont ya love take kid park play amp another parent watching kid literally trying bully kid playing playground Cause I one
480,1575170511474028544,Any way anyone want go bully someone drinking olive oil minthe space rn http co OM xqXXbJ
481,1575170505107075075,TheRogue_Elf realDailyWire No It weird I see someone bully judgmental people reason Who care Get new hobby
482,1575170498119364613,thisisacomputah LesbianVictuuri BULLY VIKTOR HE DESERVES IT bc WTF cheap Sebastian Michaelis vibe
486,1575170459535962113,No_ _in_dminor MrAndyNgo Yea It bit left field Certainly isnt representing heritage Getting paid pro grooming bully
487,1575170444906598400,Trirunt chrislhayes Has Tqucums given thought happens back bully nuclear weapon The bully sings land la land land Its land bc people call bluff This US US Patriots deal terrorist
488,1575170421498216449,JustMeRyder Probably yes possible later reopen development Bully remasters GTA IV RDR
489,1575170414073901063,The ourthBranch FenkelSchaefer charliespiering Putin regime imploding He desperate Of course I want WW I also think back attempting bully globe
490,1575170404272185345,Just listening DeSantis He actually sounding like governor instead spoiled brat Or bully
491,1575170352376053762,You stupid bully Nowi
492,1575170337184296960,GeorgeTakei And typical Christian Family Man aka Fragile Male Misogynist BULLY
494,1575170299527458818,PMS_Jordan Helexzura dont like bully method slowly corrupt time
497,1575170290417430538,Dariathatsall literally biggest bully everyone diarrhoea Do speak selena
498,1575170288765267969,TrueNorthCentre PierrePoilievre considered bully year old
501,1575170261518675973,keysparagaa UTDSingh This langur anadoie bully daily basis time file cyber bullying case
502,1575170253159428100,xthekillerannax Oh yes He even talk wa bullied never talked anyone wow look like HE bully
503,1575170218934300672,SkyNewsAust How Canadians Describe Pierre Poilievre leader Opposition Arrogant Bully Dishonest http co qVlUxn
506,1575170194779303936,eggbotme RonFilipkowski It one thing kid wa fun I let kid played pouring rain wanted ran right back wanted This kid obviously hate probably scared instead source comfort mom bully
509,1575170150986240000,genray PapiTrumpo No would boo trump ulcer crowd beat hell bully stand someone like trump baby cry
510,1575170105951940613,I stand wannabe bully quit forcing mean girl act
511,1575170070929899521,BravoTV lisarinna full sh You vile since joining group This rich coming You bully demur victim time
513,1575170023920144386,Destinysraven Not bad dowry BRB gon na bully single buddy buying weed puller
515,1575169994056298496,Guess That Why I On My Bully http co pwMkB qLFJ
517,1575169965115600899,TheFungi tedcruz GregAbbott_TX living Austin I ask every day guess much oil money much land lead masculine arrogance bully mentality
518,1575169955376795648,AmarjeetSohiYEG yes never cease amaze They waving flag much hate We huge bully population bordering hate But rounding victim asking feel maybe spend money
519,1575169931351494656,obefluf Sevastiel Mackiot cassianmoment spellinghardzz JaxKerin ShroomyOllie Soullessartss shootingstar BULLY http co ggtYSSB Xz
521,1575169925131702272,cutegrl bald ALWAYS choice
526,1575169857171378176,noprojector believe matching tattoo bully
528,1575169803761111041,peaceful_bully I hate bald people choose bald
529,1575169761599582213,lrt read really funny especially turkiye bully UK lmao
530,1575169756222484483,PLEASE DON T BULLY ME BUT DO ANY OF YOU GUYS SEE IT TOO http co nYgVCU ed
531,1575169729127280640,cutegrl feel sorry
533,1575169724815937536,bully call bunny like everyday compared talking irony lack career growth despite skill attitude
534,1575169707472089091,Bullying affect everyone bullied bully witness bullying furthermore accordingly StopBullyingGov bullying linked whole host negative outcome including impact mental health substance use suicide
535,1575169704502521862,The mother bully ha informed child behavior quote quote mOrTiFiEd Yet quite mortified enough reach parent bullied
536,1575169702913245184,Yet perhaps worst incident wa bully air dropped beautiful friend repulsive racist image included n word Hey white parent kid
538,1575169701344608256,The incident continuous including bully man handling friend threatening jump gang kid making disparaging comment Nike Pride gear
541,1575169673263718400,JalinTurner Weight bully
542,1575169663620640775,RepMTG HuffPost Three toe dish take Typical action bully support trump committed espionage
543,1575169654326431744,dayoisrael Nobody bully u bring without brain I reset wotowoto u anyhow u see anyhow I campaign asiwaju full chest stand I dey wait una
544,1575169613557428231,ONLY ALLOWED TO BULLY THE VAN WHERE THE ONLY PERSON INSIDE US
546,1575169581844295680,cliddle ripeacsky punished_stu You bully deez nutz
547,1575169579885555712,Mollyploofkins Typical Bully type He everything could NEVER decent person And understands government
549,1575169573179236352,I actually tell like hate But perspective seems like hate like fact someone bully disrespect
553,1575169560893747200,QBZ Bully combo Ooooofff http co W FmEutVuG
554,1575169554007076867,peaceful_bully I FUCKIG HATE BALD PEOPLE
555,1575169539813146624,Ron DeSantis ha finally found something bully submission
557,1575169531924062209,PossiblePussy Bully fun
559,1575169507571560451,youngbucksclub So hope great week I argue bully NOONE
560,1575169492619264000,HekateBlack Bully hard nut
562,1575169455784857600,cutegrl admit like bald guy already
564,1575169429172015104,xiaozuhq Why u bully
565,1575169422494298116,GarbageApe When liberal find Italian fascism mostly crushing poor relieved Hitler ha bully Mussolini going along Jew stuff
567,1575169375925325824,anyone want get drunk listen Hawthorne Heights
568,1575169371441602560,I undertstand people bully others feel better actually make horrible person
569,1575169354039459840,I Childe bully And I became prisoner Momiji Dyed Court month http co Nb riNQ
571,1575169347059740673,There lot dense obtuse conversation going regarding HBCU PWI thing I personally seen anyone TL attack bully lady team
576,1575169257796956160,VasCityEstates friend dan foch bully bruh girl dad laughable care get bullying woman http co oKMoOFEVa
577,1575169250192687104,hehemonu Friends bully ig
578,1575169242898759681,_AllanNgash polo_kimani aii muambie bully
579,1575169233998467073,Never let prospect try bully around They one coming problem They way kick rock respectfully
580,1575169216051027969,When Moms Liberty want banbooks bully teacher otherwise delegitimize experience life child parent I ready take action This past week signature garnered petition asking Town EastFishkill http co jYojt v
583,1575169205803970567,lxstlosty Remind invaded Ukraine Yup dealing bully best thing turn around spread butt cheek At time keep sucking Putins propaganda might well go
584,1575169187970154496,poloandsons Kerr ignorant gammon typical bully The type requires lesson sure real world would quickly teach step sphere
585,1575169168801820673,I never planned getting attached bitch I named Rice Pudding cause I wa hungry I started playing I deep He one baby top OCs I think every day want bully cause deserves http co gqJUHP JSt
586,1575169163936825344,such_hockey_wow AITA_online I nose ring year I asked work environment I management still nothing nose ring This lady bully
587,1575169163340836871,Hahahahaha It much fun bully
591,1575169125042647046,katienicholl nbc TODAYshow Interesting Katie dont year old boy bully today Don bother suck know exactly Are aware abuse hurled child despicable
592,1575169123549474816,The people arguing defend Li clearly give sht L making positive L controversy A man stood friend ex band mate Encouraged bully better better apologize The fact ripping apart sad
593,1575169117442568201,PerformOrResign NikkiBar renoomokri If wa one answered like cry cyber bully
594,1575169107611488261,TamiTheBlub Helexzura Tami need bully play u
595,1575169074241237001,Annie_Bannany akdeb DesignO JFG AmoneyResists latimes Design Never waste Got ta push back receipt When block run people see stand bully nonsense
596,1575169062455242753,taking care shih tzu hair much stressful pitbull american bully
597,1575169039147495441,bully http co B cXbbaFi
600,1575168987570139145,ravelesm Yup dealing bully best thing turn around spread butt cheek At time keep sucking Putins propaganda might well go
601,1575168967169417217,The joke called obviously poor taste insecurity always laid bare overreaction Make mistake Twitter powerless people come bully perceive powerful Now wa referring Bajan white http co z l IhGzvJ
602,1575168950304149505,RebelNews_CA RebelNewsOnline I see mega troll bully Car yma Saad sad
603,1575168905961566220,Yolitatennis Unfortunately often like typical reaction someone wa bullied Instead knowing mean feel tend bully others feel better
605,1575168885648551943,KarenCraneofCA KLCRynearson You exactly right She denies hateful bullying She blame target instead bully In instance ha become bully face tell back She ha power Her word mean nothing say position self centered
607,1575168849644855296,You loss fame Wimme game fake Forwards One bully son growing goff twinger read Nazi Priers
611,1575168749358809095,rositasalvaj GroovyCrafts tssweetlt RaeluvBlueGreen killmyhabit Imma go coz obviously use arguing yall wan na shift topic bully u
613,1575168739057598470,LPNational Or maybe stop Capitalist Imperial Bully close foreign military installation bring military back US exception naval patrolling scattered air support ally needed Propose anything else hypocrite
615,1575168717121388557,ThemanShola Honestly twitter filled bitter people insult people easily twitter much dragging bully ng
618,1575168642097872906,RonFilipkowski Being popular bully two different thing
619,1575168633168596995,please bully eat
620,1575168632904044544,From thrashed Kevin McCarthy excellent Michelle Obama A bully always coward The Old Siren
623,1575168548820746248,charlhennessy He hiding tweet Charl He coward bully
624,1575168519620001792,Much U handle Glock_Topickz It made psychotic fan base bully poor girl time grieving wa horrendous She shut tf
625,1575168517690621956,That try bully shit dont work bitch I big dog
627,1575168466717376512,How bully learns share Please check fun child book Gim Jimmy BookBuz http co kvWrX KG W
628,1575168457167220736,NickAdamsinUSA So little bully beat girl Paramilitary jackass wa afraid someone stealing gun obtained illegally trained needed start killing http co LjYSk kGiI
630,1575168412040409088,When gon na get tbp bully ship thinker account
631,1575168406168678400,JamesMelville Why would anyone right mind watch someone destroy infrastructure need people give money people expensive resource Sounds like bully play Time Germans fire nuclear power plant
634,1575168332000821248,I need someone bully lifting heavier bc I know I I
638,1575168300144656385,TimRunsHisMouth A masterclass arrogant rude bully Wonder studied
640,1575168277000880129,Time bully http co EWgUG F Uu
641,1575168272558850052,Your high school bully streaming soon
642,1575168268679413761,dazeydreamy Can collectively bully one gave george ahegao hoodie
643,1575168263763263490,SteveWilkosTV bully I hope Karma meet
645,1575168250727366669,DonaldJTrumpJr Listen jr I auto immune disease issue I get vaccination Right I really go anywhere except appointment My family also wear mask everywhere Don bully people wearing mask
646,1574919485420716033,im bullyed
647,1574834958400720906,calling michael scary know wa bullyed father bc nose appearence since wa kid amp kind thing affect person think speak
648,1574765831438979072,The kid bullyed school using http co QagMo uTEE
649,1574589837994246153,yes vile woman trash hated support anything ok bullyed country dem trash vile woman group support u shut get mic stop bully text four see way
650,1574563990688370688,man bullyed friend man colored get cool person canceled http co rO ek b
652,1574257153614831616,JoshuaHeck TommyShrimps That good one ever bullyed I platform year site I part
654,1574168919002284033,DeathMoonKiller I bullyed lol
655,1574078314305683457,dbzrevengerbx Thank I get bullyed I get bullied D
656,1573768655220998148,Me n TheJaelonJones really bullyed way b traffic
657,1573696004439920640,chill brother back home making fun harassing It sure wont trigger ptsd back school got bullyed DDDDD
658,1573474669990125570,MwangoCapital How family ever pay grabbed bullyed acquire
659,1573440575726145566,sophielouisecc power put manifesto general election like party The party power release budget let honest fuck everyone dosent earn year tweet culture war bullshit party bullyed end
660,1573402149823938583,ill listen rush hour read taekook harry potter au wont get bullyed exposed even http co evhPZ
661,1573373740267999233,TehVilly bet bc people bullyed saying useless
662,1573305874822860800,im constantly getting bullyed school
663,1573129517899853824,Bullyed Me house KNOW TONY PAYING FULL RENT BEING ME NOT THEM WHOLE GETTING DISRESPECTED BYE MY OWN OTHERS NOT NUN FAMILY WATCHED
664,1573119223173648384,svdate Can imagine ever president There biggest resignation American history All depts bullyed amp blasted No one work FBI DOJ NA IRS And many
665,1573098149803360256,p _ Am I getting bullyed right http co rPDWB h E
666,1572938474667360256,get cyber bullyed mannn wa school wa survival fittest
667,1572763545842126849,wa getting bullyed prison life
668,1572604452494004224,formularacers_ Even bad Kmag lately Mick still beat point still bullyed qualifying Idk people standard rookie right
669,1572434991912734720,DieWithU_ Dude ugly fat make horrible bitch act course judge woman like Madonna You desperate I understand little monster bullyed need feel people love
670,1572328143792513024,highimallyy legend never die Juice wrld forev ally appreciate juice music much ha helped much year dealing sadness bullyed everytime listen heart heals quickly
671,1572310293761429504,afterlyfe BladeTheAlt Not anyones side I got bullyed never Ignore people bully
672,1572304591756349440,Ellie_notafurry spell bullied wrong spell bullyed haha
676,1572263867660767234,I sick bullying MeghanMarkIe people find anything matter small pointless use ammunition It make ashamed British Stop horrible snob
679,1572263839764480000,HunterBiden needPS uoregon But Mormons get mad make saying better People realize Just one kid retaliate le bullied another kid make bullying acceptable towards kid I believe understand still
680,1572263834945032193,DJRoyVon JNH A solid year worth good honest bullying whilst adolescence would eradicated potential banal tweet He clearly beyond help
686,1572263756402663424,oopooppiqiq bullying
694,1572263640216080385,literally complain people bullying game thing hypocritical
696,1572263598734381057,George_T_Truth Anna__with_an_A What use UK Charities Mental Health Anti Bullying since person still face confirmed bully Evidence people see
697,1572263597111185410,realBobbyHealy I wonder like working homophobic bullying dictator engages questionable offshore money laundering regularly us disinformation suit end lie death count becomes deranged anyone opposes
699,1572263583131799552,RejiYates rebecca_sussex People NEVER met Queen knew cried funeral Meghan wa part family yet cry Bullying anyone cry funeral deserves straight hell award
705,1572263567335768066,Bullying claim made majority complaint Scotland councillor last year new report ha shown http co oyIeKfIzLQ
706,1572263563728932865,smolcaspy oh wow thought boy th grade bullying inviting hike j
714,1572263490684948483,the_P_God Bullying never left
716,1572263482225197059,Holly Phil clearly job people job must one bullying I time watch ThisMorning week never mind every day evil moment BeKind
717,1572263467641454593,Lets see Q ha died many Commonwealth country want You NO connection aristocracy aka RF proof Meghan lying bullying I wa raised UK raised tell truth truth hurt bad http co EDzZJJhElU
721,1572263408698785794,I suppressed emotion since schooldays Showing led bullying I word truly express bubbling within Pure fury hatred rich people friend dubious funding intent destroying u
723,1572263406597455875,bigdumb_baby Bring back bullying
724,1572263403661533187,Where im bully get bullied bullying
726,1572263391389167618,They better put heat bullying quarter doc http co pDw ODowCn
729,1572263377594093569,SiggyStardust Good grief timeline full disrespect hate bullying Had enough BS Reported blocked
730,1572263368471318532,What defending injustice I part mob I attack anyone It often way bully pretend behaviour service prevention bullying You reason come I think bully Julia http co jnc WKyUa
737,1572263247398445056,Belle I hatred RF whatsoever NONE I hatred hatred targeted bullying
739,1572263219871510528,neopaean Hockeystix e adan BeratStuff People peanut gallery tend attack easy target make feel better Internet bullying sad And I wish bully ha better day instead trying harm others
748,1572263151202357252,mygines like bullying
753,1572263123851317249,publicly bullying know feeling
768,1572262962542579713,SIXMARBLES_ Stop bullying wtf http co OZcWXYAtdH
769,1572262962324475905,raycondones I tell main stream medium sport medium bullying Kyrie Irving wrong take time talk fan hour night one time NBA even started yet doe sound crazy wrong
786,1572262882762706945,If employer truly wanting improve retention rate need first amp foremost get serious addressing dysfunctional toxic organizational culture give rise bullying amp workplace abuse http co yenZZnA T
795,1572262791222038530,Beno_ldn Bullying You mean reporting truth
799,1572262750688083968,MeghanMcCain All DeSantis stand bullying weak He ha interest actually helping country
807,1572262663744524288,Who bullying Prismo
813,1572262615631659012,doglover ithoughtwhatidd BigDongDeSantis DeAngelisCorey reason important kid taught ok grow becoming bigot bullying kid might gay
814,1572262614805401602,Logically_JC I sick tired bullying threat maga cult world They trying intimidate majority America BS need stand lawlessness
818,1572262572556169217,You bullying I really help You interrupting I really defend presence You seeking harmful dangerous attention I one losing relationship looked violent I reaction mode
819,1572262572270956546,like rd episode minho bullying everyone http co ZaaQr XAgP
821,1572262550657441792,Nanaakua Seen clip woman GBNEWS nasty spiteful like Dan Wootton hating MeghanMarkIe toxicity grown people display shocking They like school child playground bullying people like
830,1572262517610786816,seven__ Meghan ha BULLIED year including recently funeral period Yes actor actress human Yes actor actress CRY SOMETIMES IN REAL LIFE Yes Meghan IS HUMAN Yes hater think bullying pleasure wa robot MONSTERS http co C H ZO
832,1572262499784818690,DoZeVT Who want sfw art sheep bullying http co RNJWQiRJa
843,1572262365596352516,know fucked cyber bullying The fact alone could comment someone post bullying point sobbing telling good wan na kt beyond disgusting get life
847,1572262331182370817,mommaqueer njerrbearr Why bullying minor
848,1572262328992686080,furbabygirl I feel sick I see people like constantly bullying whilst making excuse vile old bat Maureen Lipman
849,1572262321250250753,MikeSington RealDeniseWelch Kudos pointing disgraceful mean bullying behaviour Prayers Prince Harry Meghan
859,1572262220586778624,BvlgariDiamond AgathedeLili I guess bullying Meghan Markle excuse Duchess Suxess It must pay well
861,1572262194653396992,BB_Updates I would love see Monte pick Turner take final Turner win final take Taylor Turner reason Early season I spoke bullying namely one person constantly target abuse I choose Taylor strength shes shown
866,1572262168934125568,JuliaHB spain Why brit That bullying Go elsewhere I say let give money
872,1572262075040436226,What adult bullying address http co b r YB uWB mentalhealth mentalillness http co QZ MQnEkMs
875,1572262059370491908,Today MeghanMarkIe accused check note fake cry Queen funeral Honestly I totally see Harry wanted get away tbh bullying queensfuneral
881,1572262032405037056,The fact Meghan said wanted take life due bullying got people still teasing
882,1572262019356852224,KayBurley jamesmurray_ldn country wa polling republican May wa long serving widely respected monarch passed Are British going talk like grown ups going shouted bullying medium http co HhffNQcnVR
886,1572261954210910209,Reminds back high school I would actively ignore rumor twist positive twist break chain A single person actively helping victim type bullying make hell difference stopbullying http co DnnXgR rUa
893,1572261911831674880,JennerBetty Dominos_UK Bullying queue jumping kid groomer n sidekick Get grip Betty
894,1572261908530487298,LizKershawDJ Hmm huge backlash amp rightly bullying tweet Thinking deleting yet
895,1572261905032675328,GBNEWS GBNEWS assume supportive ongoing female bullying vile Dan Wootton The evidence suggests
896,1572261903828922368,Jasonngoose philliphaydon BaconHer aurorachaang Knowledge power appear quite weak subject amazing obsessed trolling bullying Taiwanese least month I seen
897,1572261869456625665,Javale McGee ha le ring Shaq lol I guess bullying worked landing good basketball situation
901,1572261844236267521,MargKezSmith ArchRose Bullying Where f get
905,1572261826988998656,DailyMailUK It getting beyond acceptable This nothing bullying It need stop
908,1572261775864893440,according _taz JamesAndrewLDN Anybody support pathological LIARS like H amp Mwho spread allkinds LIES destroy family raised earn lot amp play victim card NEEDS professional help ASAP H amp M NOT innocent victim BIGGEST BULLIES planet BULLYING RF
909,1572261775319437313,AnnaB A follow masterclass bullying manipulation lying covering truth
913,1572261718297804801,punk_indiemama TabbyCattitude BobNethaway TvKhaleesi But palace ha Bullying investigation report kept close wrap If dare tell serious fib lie roasted I sure guilty
917,1572261688900227072,Scilla__X Zeeezee__ hmm lena went twitter insert justin told fan stop bullying sofia richie gf time concern
918,1572261680729432064,beatspm itsnursepenny Healtcare professional Educator And round awesome person calling prejudice discrimination bullying ageism sexism Great work Nurse Penny Thanks linking u x
919,1572261654284406785,like u see bullying ppl ripe decaying age please actually bully come deactivate
920,1572261651587670016,Meghan Markle Here history sh taken British press public http co Lil QkpwQ via stylistmagazine
923,1572261622709915651,DonPayne BlakelyAdrian I see bullying writ large stronger forcing weaker
926,1572261585183440896,StevenJonMiller GBNEWS I agree I think need left alone Princess Diana wa hounded like look wanted happen Memories short stop bullying let get life Andrews one need sorted forget done
928,1572261555873681409,But people recorded struggling posted online Incentivizing working reward issue bullying fucking kid And post struggling online That fucked change mind
932,1572261519433535490,Sometimes got ta show ho pussy bullying shit let tell sum BITCH Ian going nunna
936,1572261499745472513,I stop bullying
942,1572261437980160000,Merryweatherey aptx Merrydawg Anytime someone start something I heard apparently I immediately think proof If heard something someone known pushed socially time likely contributing bullying ESPECIALLY high school
948,1572261384607637506,PaulRoss Fully agree The relentless bullying humiliating leak smearing embarrassing medium still treat person like even happened past
949,1572261382078472192,MetroUK Can nation get grip anyone would think committed murder way people piling bullying That shameful bit social medium cesspit hate time
950,1572261376554598401,MariaMalou NileGardiner JamieBrysonCPNI Indeed No Biden impertinent interference No EU bullying No work perfectly
951,1572261376361467907,yr old Daughter Fuck boy They smell stupid mean amp make fucking mad I swear I going punch one boy school face say one thing Me Is bullying Daughter No keep telling great Trump
952,1572261368644141057,Bring back bullying http co RQ IMHcZd
953,1572261364508262402,realJonRiley detectiv RockstarGames You concerned video game effecting people mental issue concerned stem Bad childhood Bullying school Drugs Pressured making bad decision
963,1572261269939560449,Rohit bullying DK
969,1572261239564439552,stan twt think need bring back bullying http co VjmzQpDWmz
971,1572261216881635331,peachesmama billyballrot sunflowergolbch DionneGrant TiffanyAndCo To This serious problem TO YOU And seriously think bullying trans kid better Threatening bomb kid beating different YOUR KIND problem Not u So piss
973,1572261170475859973,kelcrocker MrsCHeidrich It may I think publishing IS open theory marginalized voice WOW people push back even heavily sugarcoat reality living w certain disability like Not disability accompanying sadness bullying rejection etc
980,1572259614556835840,maxstaxidermia It come Ward era Tl dr He worker mainly fluff rule maker got cyberbullied even IRL bulling work Also I think something similar happened female artist one Im sure So since GW hide author
984,1572258166980874240,MikeMur SkyNews No bulling Let plea Grandmother funeral Grandchild first British subject second
986,1572257276043620352,McWeex YungstaManic Mate I chilling listening Ahora Te Puedes Marchar bulling lmao You nobody mate
994,1572254243028959232,MubeziLuwaga KingWaiswaMoses MugumeAshraf AllanOkello Good Mediocentro Trident look Not tested though I hope life bulling reckon MugumeAshraf gat lot work complement utter explicit balling discipline
995,1572254219218096129,BlaiseEyong William Kate using THEIR press abuse bulling Meghan n Harry year You tell STOP world wont reason defend
997,1572253341908074496,Kazoo_TV rbbq Right wan na bash hg bulling another bully self
1006,1572248742996353028,Ian Gillan draw attention constant bulling Armenia neighbor http co AlqqsNI Hy
1007,1572248441052450819,ahhh yes perfect heigh Susanoo stop bulling bby http co TBwxv uI
1018,1572241790857793537,Ian Gillan Deep Purple call attention constant bulling Armenia neighbor http co jHFUDGNuUb StopAzeriAggression StopAzerbaijanAggression
1019,1572241492068159488,Y literally bulling people wanting k rn I opinion taking far
1021,1572240986394488834,OCEANS OF MILK AT BORDERWAY The ESPLAND consignment fresh heifer cow tomorrow Border Lakeland sale freshly calved cow amp heifer sell In calf heifer sell bulling amp maiden heifer sell View online catalogue http co yyS ND Q http co kMVVGCUJW
1022,1572239554966614017,razzli_ Have NOTHING TO DO WITH HER COLOR WHICH SHE USES THE BRONZER TO DARKER HER SKIN BUT HER NASTY ATTITUDE AND BULLING
1023,1572239212627255296,LFG I feel like going come back full force bear clear plug bulling http co ksOAL sfy
1025,1572238699911585792,KajolMomento ForumsMeghan If accused bulling child
1026,1572236128492691463,becsfromflecs Sabby_Han HoIdMe_Forever bitchcrafters PennyWHPenelope Stop pretending u really care bulling victim abuse even racism u really show clout nothing else
1031,1572231186122145792,BleacherReport KingJames He look like OLDER James Harden RINGSSSSSSSSS name Kimbo SLICE PRIME When wa back yard BULLING dude HOOKS
1034,1572228617064808450,withempato The dip instability kill Bitcoin turn Bitcoin get stronger people gotten dipping anticipating bulling Chaindustry DoToEarn Bitcoin Crypto
1037,1572225860157214721,BechtloffCarol AngelCiara bennyjohnson You must really enjoy drama bulling name calling FORMER President Trump It shameful year people like still drinking kool aid smoking dope Where sanity
1042,1572223492879437828,ChadEbear TSN MatthewWords BlueJays Horrible horrible comment Matthew Ross ASHAMED Yourself BlueJays bulling meanspirted
1056,1572218322522984448,Are rate competitive natural question running background freelancer brain Stop bulling hour You making enough money constantly stressed thing really affect revenue
1063,1572214483329888256,Ppl bulling tiktok
1064,1572212338089934852,armradio Your tweet wa quoted article armradio http co mwB F EatT
1065,1572212329084772357,armradio Your tweet wa quoted article armradio http co mwB F EatT
1066,1572212319966330881,armradio Your tweet wa quoted article armradio http co mwB F EatT
1069,1572211464953561091,Stop bulling BhanukaRajapak personal belief SriLankan srilankacricket
1070,1572211019795300352,thecasualultra HH SO What everybody clever Celtic support u lot BULLING ROMAN CATHOLICS FOR WHAT Supporting Celtic Club like hh ktf
1072,1572208502105575424,let Fake KKK sec keep bulling american people financially happens get bullied back every piece information particular group posse done intent regulate dominate american dollar infrastructure
1073,1572208489841459202,If I think differently MEEN I wrong meen I think way People think like people Thay always around Start getting around people think differently try understand Bulling work
1086,1572200967067795457,Ian Gillan call attention constant bulling Armenia neighbor http co N pg ZjBcD via armradio
1091,1572192484763095040,In country child safe gun violence sexual predator right racism bigotry hate bulling poverty elected official would anybody want child This country NOT SAFE child live http co VOLMsDwrL
1095,1572191569666609152,Camigon_ evealayo No hagan bulling qcyo del inglishh
1097,1572190915477012480,DanielAndrewsMP How many woman wind person question bulling amp lie
1099,1572189984530075650,Ehioma LeevhuLeaks Who else would dragg gal except please stop defensive one bulling
1102,1572188594885853188,SafrinaMama xylem SussexHenryVIII meghan trash family please explain wa IN front eye way treated interview good speaking torment bulling endure year FIRST
1104,1572185786442817537,jmpousita soi dislexica basta al bulling
1111,1572178441142734848,desquinlivan sprinkle Scanning around simple calf n calf I date min wks event month plus scan externally side crush thus tail day I saw bulling twice last wks n event
1113,1572178278802419712,mhezzy dope_fights_ They bulling boy unprovoked one girl already told truth started
1117,1572176546827309056,Brekkietweets RobBurl How telling truth bulling
1121,1572173348884340736,CVasilenko And maybe remember none u perfect calling wife horrible name woman mother never met would like u calling yo mother name trolling bulling bloody rude Take hate go follow someone else I time U
1123,1572172531142107136,ExileNations Back bulling I see
1127,1572166750720098305,BJP India narendramodi Modi jee wanted strong country cost But internal opposition party bulling But Indian India satisfied PM Becouse PM honest men This know opposition also
1130,1572160873573261313,KittoQuinnzel VTuberTweeter U cant let slide either u need get everyone report bulling amp herasment
1131,1572159271512449028,mollie What awfulness Just give rest grow hell This open bulling need stopped
1132,1572159084329316352,KonstantinKisin I started excited Meghan royal family But really wa lying bulling narcissist celebrity seeking hypocritical behaviour whilst using race card whole convenient cover put She suitable royal life
1159,1572138758761316354,GailMontminy DashTheBaptist As clutch straw asinine comment Parliament siding Her Her husband bulling mistreatment getting especially British Press http co EtPILUS eK
1160,1572137877345112064,moblake Mr_H_aze ADHDfella Not rumor Listen Oprah compare British law Easy proven Bulling wa stated person wa object court Do lie mean About press two wrong make one right
1163,1572132188690292737,also bulling making fun accent bc speak sotho long without adding english phrase heh wethu hope never see
1165,1572128696739463168,NewshubPolitics Get falsehub maybe ask serious question labour bulling minority mp afraid jacinda stop check flowing
1167,1572126889430360066,Even talk shit like bulling rumor hurted learned love
1181,1572121222946734080,Complaining abt negative obsession MM whilst saying disgusting thing abt Royal woman stewps No matter horrible woman make look like massive hypocrite leg stand regard bulling meghanmarkle
1183,1572117630240313345,dreamy bull bulling doggy frick
1189,1572110705666433024,HYPEX I Well Report Cause You Guys Never Check The List Of Guys I Report Too U Hypex On fortinte Yesterday There Was Lot Bulling On Yesrday So What U Guys Gone Bout It
1193,1572104976624914432,Ukraine win war And end dictatorship Russia still trying continue barbaric expansion bulling neighbor three day operation began February turned threat existence Russian regime http co woj qNfAyR http co xSQ NBy VP
1194,1572101372635672577,One muse I miss Ram Rezero enjoy snarky bulling MCe
1197,1572099001830481922,GBNEWS How much money ha Tom Bower made bulling lying prince Harry wife duchess Meghan Tom Bower ha wife I fear A man like men like highly likely Domestic violence abuser
